Team.java,edu.ucsb.cs156.spring.hello.Team,org.pitest.mutationtest.engine.gregor.mutators.NegateConditionalsMutator,equals,70,KILLED,edu.ucsb.cs156.spring.hello.TeamTest.[engine:junit-jupiter]/[class:edu.ucsb.cs156.spring.hello.TeamTest]/[method:equals_returns_false_for_different_name()]
Team.java,edu.ucsb.cs156.spring.hello.Team,org.pitest.mutationtest.engine.gregor.mutators.NegateConditionalsMutator,equals,73,KILLED,edu.ucsb.cs156.spring.hello.TeamTest.[engine:junit-jupiter]/[class:edu.ucsb.cs156.spring.hello.TeamTest]/[method:equals_returns_false_for_null()]
Team.java,edu.ucsb.cs156.spring.hello.Team,org.pitest.mutationtest.engine.gregor.mutators.NegateConditionalsMutator,equals,77,KILLED,edu.ucsb.cs156.spring.hello.TeamTest.[engine:junit-jupiter]/[class:edu.ucsb.cs156.spring.hello.TeamTest]/[method:equals_returns_false_for_different_name()]
Team.java,edu.ucsb.cs156.spring.hello.Team,org.pitest.mutationtest.engine.gregor.mutators.NegateConditionalsMutator,equals,77,KILLED,edu.ucsb.cs156.spring.hello.TeamTest.[engine:junit-jupiter]/[class:edu.ucsb.cs156.spring.hello.TeamTest]/[method:equals_returns_true_for_equal_but_distinct_teams()]
Team.java,edu.ucsb.cs156.spring.hello.Team,org.pitest.mutationtest.engine.gregor.mutators.returns.BooleanFalseReturnValsMutator,equals,71,KILLED,edu.ucsb.cs156.spring.hello.TeamTest.[engine:junit-jupiter]/[class:edu.ucsb.cs156.spring.hello.TeamTest]/[method:equals_returns_true()]
Team.java,edu.ucsb.cs156.spring.hello.Team,org.pitest.mutationtest.engine.gregor.mutators.returns.BooleanFalseReturnValsMutator,equals,77,KILLED,edu.ucsb.cs156.spring.hello.TeamTest.[engine:junit-jupiter]/[class:edu.ucsb.cs156.spring.hello.TeamTest]/[method:equals_returns_true_for_equal_but_distinct_teams()]
Team.java,edu.ucsb.cs156.spring.hello.Team,org.pitest.mutationtest.engine.gregor.mutators.returns.BooleanTrueReturnValsMutator,equals,74,KILLED,edu.ucsb.cs156.spring.hello.TeamTest.[engine:junit-jupiter]/[class:edu.ucsb.cs156.spring.hello.TeamTest]/[method:equals_returns_false_for_null()]
Team.java,edu.ucsb.cs156.spring.hello.Team,org.pitest.mutationtest.engine.gregor.mutators.returns.BooleanTrueReturnValsMutator,equals,77,KILLED,edu.ucsb.cs156.spring.hello.TeamTest.[engine:junit-jupiter]/[class:edu.ucsb.cs156.spring.hello.TeamTest]/[method:equals_returns_false_for_different_name()]
Team.java,edu.ucsb.cs156.spring.hello.Team,org.pitest.mutationtest.engine.gregor.mutators.returns.NullReturnValsMutator,getMembers,48,KILLED,edu.ucsb.cs156.spring.hello.TeamTest.[engine:junit-jupiter]/[class:edu.ucsb.cs156.spring.hello.TeamTest]/[method:getTeam_returns_team_with_correct_members()]
Team.java,edu.ucsb.cs156.spring.hello.Team,org.pitest.mutationtest.engine.gregor.mutators.returns.EmptyObjectReturnValsMutator,getName,41,KILLED,edu.ucsb.cs156.spring.hello.TeamTest.[engine:junit-jupiter]/[class:edu.ucsb.cs156.spring.hello.TeamTest]/[method:getName_returns_correct_name()]
Team.java,edu.ucsb.cs156.spring.hello.Team,org.pitest.mutationtest.engine.gregor.mutators.MathMutator,hashCode,93,KILLED,edu.ucsb.cs156.spring.hello.TeamTest.[engine:junit-jupiter]/[class:edu.ucsb.cs156.spring.hello.TeamTest]/[method:hashCode_returns_not_true_for_zero()]
Team.java,edu.ucsb.cs156.spring.hello.Team,org.pitest.mutationtest.engine.gregor.mutators.returns.PrimitiveReturnsMutator,hashCode,93,KILLED,edu.ucsb.cs156.spring.hello.TeamTest.[engine:junit-jupiter]/[class:edu.ucsb.cs156.spring.hello.TeamTest]/[method:hashCode_returns_not_true_for_different_teams()]
Team.java,edu.ucsb.cs156.spring.hello.Team,org.pitest.mutationtest.engine.gregor.mutators.returns.EmptyObjectReturnValsMutator,toString,85,KILLED,edu.ucsb.cs156.spring.hello.TeamTest.[engine:junit-jupiter]/[class:edu.ucsb.cs156.spring.hello.TeamTest]/[method:toString_returns_proper_name()]
Developer.java,edu.ucsb.cs156.spring.hello.Developer,org.pitest.mutationtest.engine.gregor.mutators.returns.EmptyObjectReturnValsMutator,getGithubId,28,KILLED,edu.ucsb.cs156.spring.hello.DeveloperTest.[engine:junit-jupiter]/[class:edu.ucsb.cs156.spring.hello.DeveloperTest]/[method:getGithubId_returns_false_for_empty()]
Developer.java,edu.ucsb.cs156.spring.hello.Developer,org.pitest.mutationtest.engine.gregor.mutators.returns.EmptyObjectReturnValsMutator,getName,19,KILLED,edu.ucsb.cs156.spring.hello.DeveloperTest.[engine:junit-jupiter]/[class:edu.ucsb.cs156.spring.hello.DeveloperTest]/[method:getName_returns_correct_name()]
Developer.java,edu.ucsb.cs156.spring.hello.Developer,org.pitest.mutationtest.engine.gregor.mutators.VoidMethodCallMutator,getTeam,38,KILLED,edu.ucsb.cs156.spring.hello.TeamTest.[engine:junit-jupiter]/[class:edu.ucsb.cs156.spring.hello.TeamTest]/[method:getTeam_returns_team_with_correct_members()]
Developer.java,edu.ucsb.cs156.spring.hello.Developer,org.pitest.mutationtest.engine.gregor.mutators.VoidMethodCallMutator,getTeam,39,KILLED,edu.ucsb.cs156.spring.hello.TeamTest.[engine:junit-jupiter]/[class:edu.ucsb.cs156.spring.hello.TeamTest]/[method:getTeam_returns_team_with_correct_members()]
Developer.java,edu.ucsb.cs156.spring.hello.Developer,org.pitest.mutationtest.engine.gregor.mutators.VoidMethodCallMutator,getTeam,40,KILLED,edu.ucsb.cs156.spring.hello.TeamTest.[engine:junit-jupiter]/[class:edu.ucsb.cs156.spring.hello.TeamTest]/[method:getTeam_returns_team_with_correct_members()]
Developer.java,edu.ucsb.cs156.spring.hello.Developer,org.pitest.mutationtest.engine.gregor.mutators.VoidMethodCallMutator,getTeam,41,KILLED,edu.ucsb.cs156.spring.hello.TeamTest.[engine:junit-jupiter]/[class:edu.ucsb.cs156.spring.hello.TeamTest]/[method:getTeam_returns_team_with_correct_members()]
Developer.java,edu.ucsb.cs156.spring.hello.Developer,org.pitest.mutationtest.engine.gregor.mutators.VoidMethodCallMutator,getTeam,42,KILLED,edu.ucsb.cs156.spring.hello.TeamTest.[engine:junit-jupiter]/[class:edu.ucsb.cs156.spring.hello.TeamTest]/[method:getTeam_returns_team_with_correct_members()]
Developer.java,edu.ucsb.cs156.spring.hello.Developer,org.pitest.mutationtest.engine.gregor.mutators.VoidMethodCallMutator,getTeam,43,KILLED,edu.ucsb.cs156.spring.hello.TeamTest.[engine:junit-jupiter]/[class:edu.ucsb.cs156.spring.hello.TeamTest]/[method:getTeam_returns_team_with_correct_members()]
Developer.java,edu.ucsb.cs156.spring.hello.Developer,org.pitest.mutationtest.engine.gregor.mutators.returns.NullReturnValsMutator,getTeam,44,KILLED,edu.ucsb.cs156.spring.hello.DeveloperTest.[engine:junit-jupiter]/[class:edu.ucsb.cs156.spring.hello.DeveloperTest]/[method:getTeam_returns_team_with_correct_name()]
HelloController.java,edu.ucsb.cs156.spring.hello.HelloController,org.pitest.mutationtest.engine.gregor.mutators.returns.EmptyObjectReturnValsMutator,index,21,KILLED,edu.ucsb.cs156.spring.hello.HelloControllerTest.[engine:junit-jupiter]/[class:edu.ucsb.cs156.spring.hello.HelloControllerTest]/[method:getHello_has_expectedHeader()]
HelloController.java,edu.ucsb.cs156.spring.hello.HelloController,org.pitest.mutationtest.engine.gregor.mutators.returns.EmptyObjectReturnValsMutator,info,36,KILLED,edu.ucsb.cs156.spring.hello.HelloControllerTest.[engine:junit-jupiter]/[class:edu.ucsb.cs156.spring.hello.HelloControllerTest]/[method:getInfo_has_developer_info_header()]
HelloController.java,edu.ucsb.cs156.spring.hello.HelloController,org.pitest.mutationtest.engine.gregor.mutators.returns.NullReturnValsMutator,team,54,KILLED,edu.ucsb.cs156.spring.hello.HelloControllerTest.[engine:junit-jupiter]/[class:edu.ucsb.cs156.spring.hello.HelloControllerTest]/[method:get_team_returns_team_object()]
